0;davide;dimiccoli;dio;fake;user;24;9;1998;5;4;2018
1;nico;dmn;ciao;ciao;admin;20;10;1998;5;4;2018
2;franco;chieregin;franchello;123456;user;17;5;1998;7;4;2018
4;dio;bambin;ggggggggggg;123456ab!;user;25;6;1968;19;6;2018
5;giovanni;giorgio;giorgio;moroder;user;12;1;1943;20;6;2018
6;NOME;cognome;nico;delmondo;admin;12;1;1982;20;6;2018
7;francesco;fuccilli;ciccio;gamer89;user;27;3;1999;21;6;2018
8;franco;chieregin;franco;smart44;user;20;6;2000;21;6;2018
9;memt;un chilo;s<dfasdfg;password;user;25;6;2000;21;6;2018
10;nico;dmn;1;1;admin;20;10;1998;5;4;2018
